Uid,Account uid,FirstName,LastName,NamePrefix,Gender,Birthday,Source,Photo,Facebook,Twitter,GooglePlus,LinkedIn
1,1,Jerry,Miller,Mr.,male,1972-12-19,call,,,@Jerry50Miller,https://plus.google.com/114393099883110494088/posts,
2,2,Roy,Rodgers,Mr.,male,1974-01-29,website,,https://www.facebook.com/pages/ROY-Rodgers-Palmer/447252145330063,@legendary_roy,,
3,3,Frank,Robinson,Mr.,male,1975-10-09,website,,,@frankdieSEL,,
4,3,Richard,Robinson,Mr.,male,1976-02-18,website,,,@HallyMk1,,
5,3,Ross,Robinson,Mr.,male,1987-05-18,call,,,@Ross76,,
6,4,Jennifer,Ramos,Ms.,female,1974-06-17,call,,,@jenjillharman,,
7,4,Wendy,Ramos,Ms.,female,1987-02-05,website,,,@wendyramos87,,
8,4,Kelly,Ramos,Ms.,female,1979-06-15,call,,,@Prsnlinjrylaw,,
9,5,Cheryl,White,Ms.,female,1972-12-05,call,,,@LadyScorcher,,
10,5,Jose,White,Mr.,male,1974-09-23,website,,,@JoseBurton,,
11,6,Karen,Rogers,Ms.,female,1977-11-20,call,,,@Karen_DaviLa,,
12,6,Judith,Rogers,Ms.,female,1971-06-02,call,,,@judyarogers,,
13,7,Terry,Simpson,Mr.,male,1975-01-04,call,,,@drterrysimpson,,
14,7,Judy,Simpson,Ms.,female,1987-10-10,website,,,@judithharris,,
15,8,Alan,Freeman,Mr.,male,1975-12-11,website,,,@Al_Freezer,,
16,8,Lillian,Freeman,Ms.,female,1972-12-28,website,,,@spotlessbaby,,
17,9,Arthur,Fisher,Mr.,male,1976-09-08,website,,,@ArthurFisher,,
18,9,Donald,Fisher,Mr.,male,1987-02-10,call,,,@Don_Rolan,,
19,10,Patricia,Lane,Ms.,female,1990-01-08,call,,https://www.facebook.com/patriciaolivera.Taylor,,,
20,10,Rachel,Lane,Ms.,female,1977-01-22,website,,,@RachelLane,,
21,11,Harold,Weaver,Mr.,male,1977-03-25,call,,,@haroldweaver50,,
22,11,Louise,Weaver,Ms.,female,1988-08-29,website,,,,,
23,12,Shirley,Graham,Ms.,female,1974-12-10,call,,,@geraldbarr,,
24,12,Gerald,Graham,Mr.,male,1970-11-05,call,,,,,
25,13,Carolyn,Perkins,Ms.,female,1979-06-29,website,,,,,
26,13,Helen,Perkins,Ms.,female,1977-08-09,call,,,@HelenPeters22,,
27,14,Rachel,Howell,Ms.,female,1977-03-25,website,,,,,
28,14,Maria,Howell,Ms.,female,1972-11-15,call,,,@beautifulkandie,,
29,15,Jean,Castillo,Ms.,female,1980-05-07,website,,,@jeanp68,,
30,15,Stephen,Castillo,Mr.,male,1971-10-17,website,,,@stephenm046,,
31,16,Lawrence,Garrett,Mr.,male,1978-09-12,call,,,@GarrettLaurence,,
32,16,Sharon,Garrett,Ms.,female,1985-08-05,website,,,@sharonwatkins,,
33,17,Philip,Hernandez,Mr.,male,1977-08-04,call,,,@philiphernandez,,
34,17,Joyce,Hernandez,Ms.,female,1979-11-22,call,,,@employable2,,
35,18,Ruth,Barnes,Ms.,female,1983-01-05,other,,,@ruthbarnesmusic,,
36,18,Nicole,Barnes,Ms.,female,1981-02-22,call,,,@nicolehart30,,
37,19,Arthur,Cook,Mr.,male,1972-02-11,other,,,,,
38,19,Kelly,Cook,Ms.,female,1985-09-14,call,,,,,
39,20,Kathy,Perez,Ms.,female,1974-12-12,other,,,,,
40,21,Wanda,Ford,Ms.,female,1973-09-17,call,,,,,
41,22,Benjamin,Ryan,,male,1982-04-10,other,,,,,
42,23,Chris,Tucker,Mr.,male,1972-09-01,call,,,,https://plus.google.com/+ka7niq/posts,
43,24,Bobby,Ramos,Mr.,male,1976-11-17,other,,,,https://plus.google.com/102983116179284471787/posts,
44,25,Joan,Anderson,Ms.,female,1976-11-17,call,,,,https://plus.google.com/103016420791975560087/posts,
45,26,Alice,Berry,Ms.,female,1970-12-29,other,,,,https://plus.google.com/108467081183809880584/posts,
46,27,Justin,Reyes,Mr.,male,1974-01-25,call,,,,https://plus.google.com/105429443855261476765/posts,
47,28,Evelyn,Burke,Ms.,female,1985-11-03,other,,,,,
48,29,Gloria,Garrett,Ms.,female,1975-04-01,call,,,,,
49,30,Annie,Mitchell,Ms.,female,1986-08-16,other,,,,,
50,31,Frances,Gutierrez,Ms.,female,1986-07-19,call,,,,,
51,32,Peter,Hayes,Mr.,male,1974-10-07,other,,,,,
52,33,Anne,Ray,Ms.,female,1982-04-02,call,,,,,
53,34,George,Mendoza,,male,1970-11-18,other,,,,,
54,35,Cynthia,West,Ms.,female,1974-12-03,website,,,,,
55,36,Henry,Lawrence,Mr.,male,1983-03-08,call,,,,,
56,37,Janet,Wright,Ms.,female,1972-03-21,other,,,,,
57,38,Willie,Chavez,Mr.,male,1987-08-06,call,,,,,
58,39,Angela,James,Ms.,female,1987-02-19,website,,,@angelajames,,
59,40,Ashley,Stone,Ms.,female,1971-04-09,tv,,,@ashleystone94,,
60,41,Billy,Hansen,Mr.,male,1978-02-08,tv,,,@bhansensc,,
61,42,Adam,Sanders,Mr.,male,1982-03-14,tv,,,,,
62,43,Russell,Howard,,male,1990-01-03,website,,,,,
63,44,Craig,Bishop,Mr.,male,1988-07-28,call,,,,,
64,45,Teresa,Ramos,Ms.,female,1989-08-21,call,,,,,
65,46,Samuel,Gray,Mr.,male,1984-01-23,tv,,,,,
66,47,James,Watson,Mr.,male,1970-08-27,tv,,,,,
67,48,Richard,Schmidt,Mr.,male,1988-04-26,website,,,,,
68,49,Donald,Cooper,Mr.,male,1986-05-18,tv,,,@rybohokyloda,,
69,50,Susan,Hawkins,Ms.,female,1989-10-08,tv,,,@HawkinsSusa,,
70,51,Rose,Schmidt,Ms.,female,1983-02-15,call,,,,,
71,51,Dorothy,Thompson,Ms.,female,1986-06-22,website,,,,,
72,51,Stephanie,Romero,Ms.,female,1979-12-13,website,,,,,
73,52,Maria,Parker,Ms.,female,1974-09-15,website,,,,,
74,52,Doris,Miller,Ms.,female,1977-01-04,call,,,,,
75,52,Virginia,Gibson,Ms.,female,1979-01-16,call,,,,,
76,53,Wanda,Carpenter,Ms.,female,1981-11-14,website,,,,,
77,53,Nicole,Collins,Ms.,female,1973-06-10,call,,,,,
78,53,Wanda,Martinez,Ms.,female,1978-12-31,call,,,,,
79,54,Sharon,Austin,Ms.,female,1987-06-10,website,,,,,
80,54,Kelly,Hamilton,Ms.,female,1973-06-27,call,,,,,
81,54,Kelly,Stanley,Ms.,female,1980-08-31,call,,,,,
82,55,Teresa,Hansen,Ms.,female,1977-04-27,call,,,,,
83,55,Melissa,West,Ms.,female,1984-04-15,website,,,,,
84,55,Dorothy,Cunningham,Ms.,female,1985-05-21,website,,,,,
85,56,Doris,Burns,Ms.,female,1990-03-20,website,,,,,
86,56,Ann,Henry,Ms.,female,1971-01-08,website,,,,,
87,56,Lori,Watkins,Ms.,female,1976-09-23,call,,,,,
88,57,Catherine,Parker,Ms.,female,1976-07-05,call,,,,,
89,57,Martha,Gonzalez,Ms.,female,1979-04-22,website,,,,,
90,57,Dorothy,Harris,Ms.,female,1970-08-02,call,,,,,
91,58,Christine,Edwards,Ms.,female,1971-07-07,website,,,,,
92,58,Susan,Morales,Ms.,female,1980-06-29,call,,,,,
93,58,Sara,Fernandez,Ms.,female,1975-03-18,call,,,,,
94,59,Annie,Alexander,Ms.,female,1982-06-18,website,,,,,
95,59,Patricia,Young,Ms.,female,1978-12-25,call,,,,,
96,59,Louise,Spencer,Ms.,female,1972-05-24,website,,,,,
97,60,Melissa,White,Ms.,female,1980-02-06,call,,,,,
98,60,Andrea,Hansen,Ms.,female,1980-05-27,website,,,,,
99,60,Carolyn,Jackson,Ms.,female,1988-07-14,website,,,,,
100,61,Carol,Clark,Ms.,female,1988-11-01,call,,,,,
101,61,Paul,Martin,Mr.,male,1980-07-13,website,,,,,
102,61,Arthur,Ruiz,Mr.,male,1984-11-06,call,,,,,
103,62,Anthony,Crawford,Mr.,male,1988-01-30,call,,,,,
104,62,Clarence,Patterson,Mr.,male,1985-09-16,other,,,,,
105,62,Steven,Kelley,Mr.,male,1989-07-11,call,,,,,
106,63,Paul,Moreno,Mr.,male,1980-12-20,other,,,,,
107,63,Martin,Knight,Mr.,male,1986-12-16,call,,,,,
108,63,Aaron,Nguyen,Mr.,male,1975-03-16,other,,,,,
109,64,Larry,Burke,Mr.,male,1986-02-22,call,,,,,
110,64,Ronald,King,Mr.,male,1985-06-10,other,,,,,
111,64,Adam,Davis,Mr.,male,1986-07-26,call,,,,,
112,65,Louis,Welch,Mr.,male,1979-06-05,other,,,,,
113,65,Johnny,Griffin,Mr.,male,1973-09-25,call,,,,,
114,65,Paul,Ford,Mr.,male,1986-03-15,other,,,,,
115,66,Dennis,Nguyen,Mr.,male,1973-08-26,call,,,,,
116,66,Nicholas,King,Mr.,male,1973-06-30,other,,,,,
117,66,Frank,Robertson,Mr.,male,1987-02-02,call,,,,,
118,67,Justin,Ross,Mr.,male,1980-05-15,other,,,,,
119,67,Walter,Reyes,Mr.,male,1990-01-24,call,,,,,
120,67,Dennis,Kennedy,Mr.,male,1974-01-30,other,,,,,
121,68,Donald,Myers,Mr.,male,1976-12-01,call,,,,,
122,68,Peter,Wallace,Mr.,male,1983-09-28,other,,,,,
123,68,Lawrence,Greene,Mr.,male,1972-11-08,website,,,,,
124,69,Steven,Peterson,Mr.,male,1982-05-16,call,,,,,
125,69,Gerald,Willis,Mr.,male,1971-02-23,other,,,,,
126,69,Peter,Morrison,Mr.,male,1984-10-22,call,,,,,
127,70,Carlos,Smith,Mr.,male,1974-07-20,other,,,,,
128,70,Billy,Morris,Mr.,male,1973-02-11,call,,,,,
129,70,Samuel,Ramos,Mr.,male,1983-07-19,other,,,,,
130,71,Paul,Snyder,Mr.,male,1978-07-14,call,,,,,
131,71,Scott,Lopez,Mr.,male,1971-12-23,other,,,,,
132,72,Henry,Lawson,Mr.,male,1985-07-19,call,,,,,
133,73,Howard,Ray,Mr.,male,1982-02-26,other,,,,,
134,73,Terry,Johnston,Mr.,male,1980-01-18,call,,,,,
135,74,Justin,Stevens,Mr.,male,1984-07-05,other,,,,,
136,74,Sam,Moody,Mr.,male,1973-04-11,call,,,@Moody,,
137,75,Tom ,Stephens,Mr.,male,1977-09-07,website,,,@Stephens,,
138,75,Christopher,Watts,Mr.,male,1979-12-22,website,,,@Watts,,
139,76,Andy,Mckenzie,Mr.,male,1983-01-25,website,,,@Mckenzie,,
140,76,Miguel ,Miller,Mr.,male,1984-02-21,call,,,@Miller,,
141,77,Clayton,Adams,Mr.,male,1974-02-23,call,,,@Adams,,
142,77,Bennie ,Cortez,Mr.,male,1985-09-24,website,,,@Cortez,,
143,78,Sherman,Alvarado,Mr.,male,1964-12-25,call,,,@Alvarado,,
144,78,Cory,Zimmerman,Mr.,male,1973-09-12,call,,,@Zimmerman,,
145,79,Melvin,Keller,Mr.,male,1982-09-11,website,,,@Keller,,
146,79,Leroy,Joseph,Mr.,male,1972-09-21,call,,,@Joseph,,
147,80,Randal,Little,Mr.,male,1976-05-17,call,,,@Little,,
148,80,Lynn,Swanson,Mr.,male,1976-06-16,call,,,@Swanson,,
149,81,Terry,Harvey,Mr.,male,1970-12-22,website,,,@Harvey,,
150,81,Emanuel,Lopez,Mr.,male,1974-11-22,website,,,@Lopez,,
151,82,Jorge,Powell,Mr.,male,1985-10-13,website,,,@Powell,,
152,82,Janet,Hoffman,Mr.,male,1975-04-11,website,,,@Hoffman,,
153,83,Frankie,Beck,Mr.,male,1986-08-12,call,,,@Beck,,
154,83,Cecil ,White,Mr.,male,1986-07-13,call,,,@White,,
155,84,Ivan,Barton,Mr.,male,1974-10-04,website,,,@Barton,,
156,84,Rudolph,Mclaughlin,Mr.,male,1982-04-05,call,,,@Mclaughlin,,
157,85,Bryan,Delgado,Mr.,male,1970-11-16,website,,,@Delgado,,
158,85,Colin,Woods,Mr.,male,1974-02-03,call,,,@Woods,,
159,86,Gordon,Moran,Mr.,male,1983-03-08,call,,,@Moran,,
160,86,Arnold,Caldwell,Mr.,male,1972-05-21,website,,,@Caldwell,,
161,87,Roderick,Strickland,Mr.,male,1987-07-06,call,,,@Strickland,,
162,87,Jon,Floyd,Mr.,male,1987-08-19,website,,,@Floyd,,
163,88,James,Moreno,Mr.,male,1971-09-09,call,,,@Moreno,,
164,88,Camille,Gutierrez,Ms.,female,1978-12-08,website,,,@Gutierrez,,
165,89,Alison,White,Ms.,female,1982-03-16,website,,,@White,,
166,89,Gwendolyn,Howell,Ms.,female,1990-01-06,call,,,@Howell,,
167,90,Kristen,Riley,Ms.,female,1988-07-26,website,,,@Riley,,
168,90,Susie,Perry,Ms.,female,1989-08-26,call,,,@Perry,,
169,91,Melanie,Williamson,Ms.,female,1984-01-26,call,,,@Williamson,,
170,91,Pauline,Watkins,Ms.,female,1970-08-23,other,,,@Watkins,,
171,92,Angie,Mccarthy,Ms.,female,1988-04-16,call,,,@Mccarthy,,
172,92,Amber,Gibbs,Ms.,female,1986-05-28,other,,,@Gibbs,,
173,93,Kelley,Brewer,Ms.,female,1989-11-01,call,,,@Brewer,,
174,93,Roberta,Griffin,Ms.,female,1977-01-02,other,,,@Griffin,,
175,94,Lynette,Fernandez,Ms.,female,1979-01-12,call,,,@Fernandez,,
176,94,Alice,Love,Ms.,female,1983-01-09,other,,,@Love,,
177,95,Hattie,Andrews,Ms.,female,1981-02-24,call,,,@Andrews,,
178,95,Leigh,Warner,Ms.,female,1972-02-19,other,,,@Warner,,
179,96,Lois,Silva,Ms.,female,1985-09-04,website,,,@Silva,,
180,96,Estelle,Valdez,Ms.,female,1974-12-15,call,,,@Valdez,,
181,97,Jaime,Kennedy,Ms.,female,1973-05-17,call,,,@Kennedy,,
182,97,Viola,Mccoy,Ms.,female,1982-04-15,other,,,@Mccoy,,
183,98,Shannon,Pena,Ms.,female,1972-09-09,call,,,@Pena,,
184,98,Martha,Jimenez,Ms.,female,1976-11-15,other,,,@Jimenez,,
185,99,Marie,Erickson,Ms.,female,1976-11-15,call,,,@Erickson,,
186,99,Anne,Castro,Ms.,female,1970-12-25,other,,,@Castro,,
187,100,Pearl,Terry,Ms.,female,1974-01-22,call,,,@Terry,,
188,100,Elizabeth,Kelley,Ms.,female,1985-11-05,other,,,@Kelley,,
189,72,Juanita,Robinson,Ms.,female,1975-07-01,call,,,@Robinson,,
