Uid,User uid,FirstName,Lastname,Email,PhoneNumber,CompanyName,Status Name,Lead Source uid,Channel uid,Customer uid,Contact uid,Campaign uid
1,main,Jerry,Miller,JerryMiller@ask.com,517-782-7343,Silverline,qualified,1,1,B2B:1,1,1
2,1001,Roy,Rodgers,RoyRodgers@mail.com,808-572-3324,Silverline,qualified,2,1,B2B:2,2,1
3,2001,Richard,Hall,RichardHall@zimbio.com,410-794-7279,Freshtax,qualified,3,1,B2B:3,4,2
4,3,Ross,Allen,RossAllen@mlb.com,518-441-4708,Freshtax,qualified,4,1,B2B:4,5,4
5,4,Wendy,Ramos,WendyRamos@gmail.com,804-477-5590,Cherry & Webb,qualified,5,1,B2B:5,7,2
6,5,Kelly,Wade,KellyWade@gmail.com,707-348-9487,Cherry & Webb,qualified,6,1,B2B:6,8,2
7,10,Jose,Burton,,707-947-4901,National Lumber,qualified,1,1,B2B:7,10,1
8,15,Karen,Davis,,912-342-9593,National Lumber,qualified,2,1,B2B:8,11,3
9,20,Terry,Simpson,TerrySimpson@time.com,928-862-3347,Demimbu,qualified,3,1,B2B:9,13,4
10,25,Judy,Harris,JudyHarris@t.co,608-743-3485,Demimbu,qualified,4,1,B2B:10,14,1
11,30,Lillian,Oliver,LillianOliver@time.com,979-234-6303,Livetube,qualified,5,1,B2B:11,16,3
12,35,Arthur,Fisher,ArthurFisher@lulu.com,845-508-9364,Livetube,qualified,6,1,B2B:12,17,4
13,40,Donald,Ramos,DonaldRamos@gmail.com,330-668-8830,Livetube,qualified,1,1,B2B:13,18,1
14,40,Patricia,Oliver,PatriciaOliver@lulu.com,308-366-0524,Realcube,qualified,2,1,B2B:14,19,4
15,45,Rachel,Lane,RachelLane@gmail.com,410-313-0414,Realcube,qualified,3,1,B2B:15,20,4
16,50,Lillian,Oliver,LillianOliver@lulu.com,610-826-6577,Wordware,qualified,4,1,B2B:16,22,3
17,1,Shirley,Graham,ShirleyGraham@gmail.com,860-677-3172,Wordware,qualified,5,1,B2B:17,23,3
18,2,Carolyn,Perkins,CarolynPerkins@gmail.com,740-597-5172,Wordpedia,qualified,6,1,B2B:18,25,2
19,3,Helen,Peters,HelenPeters@intel.com,650-733-4527,Wordpedia,qualified,1,1,B2B:19,26,4
20,4,Rachel,Howell,RachelHowell@time.com,615-578-0662,Wordpedia,qualified,2,1,B2B:20,27,2
21,5,Maria,Watkins,MariaWatkins@intel.com,678-557-7183,Fivechat,qualified,3,1,B2B:21,28,3
22,6,Jean,Castillo,JeanCastillo@gmail.com,770-992-5718,Fivechat,qualified,4,1,B2B:22,29,3
23,7,Stephen,Medina,StephenMedina@gmail.com,978-423-5919,Fivechat,qualified,5,1,B2B:23,30,2
24,8,Lawrence,Garrett,LawrenceGarrett@intel.com,646-602-2074,Avavee,qualified,6,1,B2B:24,31,3
25,9,Sharon,Watkins,SharonWatkins@time.com,906-774-7957,Avavee,qualified,1,1,B2B:25,32,1
26,10,Joyce,Fuller,JoyceFuller@adobe.com,610-453-4749,Dabshots,qualified,2,1,B2B:26,34,4
27,11,Ruth,Barnes,,469-446-1959,Dabshots,qualified,3,1,B2B:27,35,1
28,12,Nicole,Hart,,507-263-9822,Dabshots,qualified,4,1,B2B:28,36,3
29,13,Arthur,Cook,,315-791-1273,Latz,qualified,5,1,B2B:29,37,1
30,14,Kelly,Richardson,,786-217-4707,Latz,qualified,6,1,B2B:30,38,3
31,15,Kathy,Perez,,919-628-3623,Latz,qualified,1,1,B2B:31,39,3
32,16,Wanda,Ford,WandaFord@gmail.com,919-918-1714,Centidel,qualified,2,1,B2B:32,40,1
33,17,Benjamin,Ryan,BenjaminRyan@adobe.com,910-770-9457,Centidel,qualified,3,1,B2B:33,41,4
34,18,Chris,Tucker,ChrisTucker@time.com,708-326-3396,Centidel,qualified,4,1,B2B:34,42,2
35,19,Bobby,Ramos,BobbyRamos@gmail.com,252-200-2298,Tagpad,qualified,5,1,B2B:35,43,3
36,20,Joan,Anderson,JoanAnderson@parallels.com,217-401-8159,Tagpad,qualified,6,1,B2B:36,44,4
37,22,Justin,Reyes,JustinReyes@gmail.com,517-677-0691,Abata,qualified,1,1,B2B:37,46,2
38,24,Evelyn,Burke,EvelynBurke@time.com,985-509-3817,Abata,qualified,2,1,B2B:38,47,3
39,26,Gloria,Garrett,GloriaGarrett@parallels.com,518-348-5353,Abata,qualified,3,1,B2B:39,48,4
40,28,Annie,Mitchell,AnnieMitchell@gmail.com,248-664-3142,Youfeed,qualified,4,1,B2B:40,49,2
41,30,Frances,Gutierrez,FrancesGutierrez@lulu.com,509-967-5559,Youfeed,qualified,5,1,B2B:41,50,3
42,32,Peter,Hayes,PeterHayes@parallels.com,417-938-3029,Youfeed,qualified,6,1,B2B:42,51,4
43,34,Anne,Ray,AnneRay@yandex.ru,818-646-6121,Skimia,qualified,2,1,B2B:43,52,1
44,36,George,Mendoza,GeorgeMendoza@yandex.ru,701-240-4787,Skimia,qualified,3,1,B2B:44,53,4
45,38,Cynthia,West,CynthiaWest@time.com,317-722-4218,Skimia,qualified,4,1,B2B:45,54,3
46,40,Henry,Lawrence,HenryLawrence@yandex.ru,937-455-2486,Mydeo,qualified,5,1,B2B:46,55,1
47,42,Janet,Wright,JanetWright@samsung.com,731-415-7808,Mydeo,qualified,1,1,B2B:47,56,4
48,44,Willie,Chavez,WillieChavez@gmail.com,425-675-2248,Mydeo,qualified,2,1,B2B:48,57,3
49,46,Angela,James,AngelaJames@samsung.com,480-726-7173,Voonte,qualified,3,1,B2B:49,58,4
50,48,Ashley,Stone,AshleyStone@time.com,917-541-1762,Voonte,qualified,4,1,B2B:50,59,1
51,50,Billy,Hansen,BillyHansen@samsung.com,217-417-9298,Voonte,qualified,5,1,B2B:51,60,1
52,1,Adam,Sanders,AdamSanders@answers.com,586-755-0517,Bluecare,qualified,1,1,B2B:52,61,1
53,2,Russell,Howard,RussellHoward@answers.com,419-468-8316,Bluecare,qualified,2,1,B2B:53,62,3
54,3,Craig,Bishop,CraigBishop@answers.com,517-927-8422,Bluecare,qualified,3,1,B2B:54,63,2
55,4,Teresa,Ramos,TeresaRamos@gmail.com,906-406-2616,Aprunbase,qualified,4,1,B2B:55,64,2
56,5,Samuel,Gray,SamuelGray@time.com,419-832-3233,Aprunbase,qualified,5,1,B2B:56,65,1
57,6,James,Watson,JamesWatson@gmail.com,330-768-4737,Aprunbase,qualified,1,1,B2B:57,66,2
58,7,Richard,Schmidt,RichardSchmidt@t.co,281-623-5140,Fintancore,qualified,2,1,B2B:58,67,1
59,8,Donald,Cooper,DonaldCooper@t.co,305-459-6683,Fintancore,qualified,3,1,B2B:59,68,2
60,9,Susan,Hawkins,SusanHawkins@gmail.com,443-507-6224,Fintancore,qualified,4,1,B2B:60,69,4
61,10,Sam,Moody,SamMoody@gmail.com,615-535-9149,Sunlux,qualified,5,1,B2B:61,70,1
62,11,Tom ,Stephens,Tom Stephens@gmail.com,715-592-4801,Sunlux,qualified,1,1,B2B:62,71,3
63,12,Christopher,Watts,ChristopherWatts@gmail.com,229-505-3624,Lacane,qualified,2,1,B2B:64,72,2
64,13,Andy,Mckenzie,AndyMckenzie@gmail.com,513-200-0509,Lacane,qualified,3,1,B2B:65,73,2
65,14,Miguel ,Miller,Miguel Miller@gmail.com,520-483-6772,Zotdax,qualified,4,1,B2B:67,74,
66,15,Clayton,Adams,ClaytonAdams@gmail.com,919-688-1425,Zotdax,qualified,5,1,B2B:69,75,3
67,16,Bennie ,Cortez,Bennie Cortez@gmail.com,708-614-8639,Konkware,qualified,1,1,B2B:71,76,1
68,17,Sherman,Alvarado,ShermanAlvarado@gmail.com,505-979-1343,Konkware,qualified,2,1,B2B:72,77,2
69,18,Cory,Zimmerman,CoryZimmerman@gmail.com,408-561-6870,Caneunatam,qualified,3,1,B2B:73,78,1
70,19,Melvin,Keller,MelvinKeller@gmail.com,786-351-6268,Caneunatam,qualified,4,1,B2B:75,79,2
71,20,Leroy,Joseph,LeroyJoseph@gmail.com,209-817-1435,Driplex,qualified,5,1,B2B:76,80,2
72,23,Randal,Little,RandalLittle@gmail.com,409-971-7396,Driplex,qualified,1,1,B2B:78,81,2
73,25,Lynn,Swanson,LynnSwanson@gmail.com,678-578-0870,Ganzquote,qualified,2,1,B2B:80,82,1
74,27,Terry,Harvey,TerryHarvey@gmail.com,401-828-2067,Ganzquote,qualified,3,1,B2B:81,83,
75,29,Emanuel,Lopez,EmanuelLopez@gmail.com,813-425-5248,Trioice,qualified,4,1,B2B:82,84,3
76,31,Jorge,Powell,JorgePowell@gmail.com,818-876-3647,Trioice,qualified,5,1,B2B:83,85,1
77,33,Janet,Hoffman,JanetHoffman@gmail.com,508-420-7533,Sunjoycare,qualified,1,1,B2B:84,86,
78,35,Frankie,Beck,FrankieBeck@gmail.com,940-391-8042,Sunjoycare,qualified,2,1,B2B:85,87,3
79,37,Cecil ,White,Cecil White@gmail.com,307-868-1270,Goldla,qualified,3,1,B2B:86,88,
80,39,Ivan,Barton,IvanBarton@gmail.com,630-242-4645,Goldla,qualified,4,1,B2B:87,89,1
81,41,Rudolph,Mclaughlin,RudolphMclaughlin@gmail.com,913-644-7299,Hotlam,qualified,5,1,B2B:88,90,3
82,43,Bryan,Delgado,BryanDelgado@gmail.com,208-674-6632,Hotlam,qualified,1,1,B2B:89,91,2
83,45,Colin,Woods,ColinWoods@gmail.com,661-695-4146,Rankcanis,qualified,2,1,B2B:90,92,3
84,47,Gordon,Moran,GordonMoran@gmail.com,919-410-4924,Rankcanis,qualified,3,1,B2B:91,93,2
85,49,Arnold,Caldwell,ArnoldCaldwell@gmail.com,815-399-3013,Ontoholdings,qualified,4,1,B2B:92,94,1
86,1,Roderick,Strickland,RoderickStrickland@gmail.com,660-675-0640,Ontoholdings,qualified,5,1,B2B:93,95,
87,1,Jon,Floyd,JonFloyd@gmail.com,305-710-3927,Gogogreen,qualified,1,1,B2B:94,96,1
88,1,James,Moreno,JamesMoreno@gmail.com,202-829-9187,Gogogreen,qualified,2,1,B2B:95,97,3
89,2,Camille,Gutierrez,CamilleGutierrez@gmail.com,605-694-4291,Redphase,qualified,3,1,B2B:96,98,2
90,2,Alison,White,AlisonWhite@gmail.com,859-881-5712,Redphase,qualified,4,1,B2B:97,99,
91,7,Gwendolyn,Howell,GwendolynHowell@gmail.com,215-800-7828,Yeartechno,qualified,5,1,B2B:98,100,
92,7,Kristen,Riley,KristenRiley@gmail.com,760-928-5373,Yeartechno,qualified,1,1,B2B:99,101,
93,10,Susie,Perry,SusiePerry@gmail.com,772-425-8759,Danzoomin,qualified,2,1,B2B:100,102,2
94,15,Melanie,Williamson,MelanieWilliamson@gmail.com,910-827-9945,Danzoomin,qualified,3,1,B2B:101,103,2
95,main,Pauline,Watkins,PaulineWatkins@gmail.com,810-664-5574,Dondox,qualified,4,1,B2B:103,104,
96,1001,Angie,Mccarthy,AngieMccarthy@gmail.com,914-310-3462,Dondox,qualified,5,1,B2B:104,105,1
97,2001,Amber,Gibbs,AmberGibbs@gmail.com,912-554-2528,Siliconium,qualified,1,1,B2B:106,106,3
98,1,Kelley,Brewer,KelleyBrewer@gmail.com,952-808-3280,Siliconium,qualified,2,1,B2B:107,107,3
99,2,Roberta,Griffin,RobertaGriffin@gmail.com,843-477-4776,Spanace,qualified,3,1,B2B:109,108,1
100,8,Lynette,Fernandez,LynetteFernandez@gmail.com,510-761-0833,Spanace,qualified,4,1,B2B:110,109,2
101,9,Alice,Love,AliceLove@gmail.com,,Goodtech,qualified,5,1,B2B:112,110,1
102,10,Hattie,Andrews,HattieAndrews@gmail.com,,Goodtech,qualified,1,1,B2B:113,111,1
103,11,Leigh,Warner,LeighWarner@gmail.com,697-435-5141,Ranfix,qualified,2,1,B2B:115,112,2
104,12,Lois,Silva,LoisSilva@gmail.com,407-460-1629,Ranfix,qualified,3,1,B2B:116,113,
105,13,Estelle,Valdez,EstelleValdez@gmail.com,,Howjaycan,qualified,4,1,B2B:117,114,2
106,14,Jaime,Kennedy,JaimeKennedy@gmail.com,757-698-4022,Howjaycan,qualified,5,1,B2B:118,115,2
107,15,Viola,Mccoy,ViolaMccoy@gmail.com,937-820-4202,Keyruncone,qualified,1,1,B2B:120,116,1
108,16,Shannon,Pena,ShannonPena@gmail.com,486-295-1847,Keyruncone,qualified,2,1,B2B:121,117,3
109,17,Martha,Jimenez,MarthaJimenez@gmail.com,943-275-828,Stanhouse,qualified,3,1,B2B:122,118,
110,18,Marie,Erickson,MarieErickson@gmail.com,934-752-4179,Stanhouse,qualified,4,1,B2B:124,119,1
111,19,Anne,Castro,AnneCastro@gmail.com,778-295-7090,Ranity,qualified,5,1,B2B:125,120,3
112,20,Pearl,Terry,PearlTerry@gmail.com,477-180-7014,Ranity,qualified,1,1,B2B:126,121,
113,21,Elizabeth,Kelley,ElizabethKelley@gmail.com,,Doublehow,qualified,2,1,B2B:127,122,1
114,22,Juanita,Robinson,JuanitaRobinson@gmail.com,280-279-6497,Doublehow,qualified,3,1,B2B:128,123,1
115,23,Nancy,Lawrence,nlawrence0@jiathis.com,217-380-627,Nancy Lawrence,new,1,1,,,1
116,24,Andrew,Jacobs,ajacobs1@apache.org,438-622-4506,Andrew Jacobs,canceled,2,1,,,2
117,25,Susan,Baker,sbaker2@deliciousdays.com,378-636-5970,Susan Baker,new,3,1,,,
118,26,Frances,Castillo,fcastillo3@hostgator.com,516-119-1736,Frances Castillo,canceled,4,1,,,2
119,27,Lois,Coleman,,785-90-8884,Lois Coleman,new,5,1,,,2
120,28,Jack,Thompson,,541-584-3091,Jack Thompson,canceled,1,1,,,1
121,29,Jacqueline,Jacobs,jjacobs6@comcast.net,808-621-7779,Jacqueline Jacobs,new,2,1,,,3
122,30,Wayne,Ellis,wellis7@prlog.org,284-350-5352,Wayne Ellis,canceled,3,1,,,
123,31,Dorothy,Davis,ddavis8@prweb.com,48-175-4833,Dorothy Davis,new,4,1,,,1
124,32,William,Russell,wrussell9@etsy.com,988-315-4059,William Russell,canceled,5,1,,,3
125,33,Nicholas,Wood,,607-196-3594,Nicholas Wood,new,1,1,,,
126,34,Nicholas,Hawkins,nhawkinsb@i2i.jp,204-448-9098,Nicholas Hawkins,canceled,2,1,,,1
127,35,William,Washington,wwashingtonc@blog.com,766-775-3208,William Washington,new,3,1,,,
128,36,Ruby,Lynch,rlynchd@yolasite.com,130-745-3865,Ruby Lynch,canceled,4,1,,,
129,37,Dorothy,Porter,dportere@facebook.com,381-654-5148,Dorothy Porter,new,5,1,,,3
130,38,Larry,Hamilton,lhamiltonf@example.com,881-742-6476,Larry Hamilton,canceled,1,1,,,3
131,39,Anthony,Young,,603-39-9882,Anthony Young,new,2,1,,,2
132,40,Scott,Rivera,sriverah@ucoz.com,678-15-2718,Scott Rivera,canceled,3,1,,,
133,41,Patricia,Price,ppricei@usatoday.com,20-975-270,Patricia Price,new,4,1,,,2
134,42,Sandra,Fields,sfieldsj@pcworld.com,374-966-5636,Sandra Fields,canceled,5,1,,,3
135,43,Phyllis,Rice,pricek@google.com.au,,Phyllis Rice,new,1,1,,,3
136,44,Earl,Fields,efieldsl@google.co.jp,,Earl Fields,canceled,2,1,,,2
137,45,Adam,Jacobs,ajacobsm@clickbank.net,,Adam Jacobs,new,3,1,,,3
138,46,Carolyn,Hayes,chayesn@hatena.ne.jp,192-99-7926,Carolyn Hayes,canceled,4,1,,,1
139,47,Douglas,Romero,dromeroo@europa.eu,156-127-9125,Douglas Romero,new,5,1,,,
140,48,Sara,Banks,sbanksp@uol.com.br,195-265-9934,Sara Banks,canceled,1,1,,,1
141,49,Beverly,Hunt,bhuntq@nbcnews.com,286-892-4492,Beverly Hunt,new,2,1,,,3
142,50,Louis,Walker,lwalkerr@disqus.com,733-672-2234,Louis Walker,canceled,3,1,,,1
143,1,Christine,Jackson,cjacksons@epa.gov,788-221-2193,Christine Jackson,new,4,1,,,3
144,2,Christine,Holmes,,817-707-8423,Christine Holmes,canceled,5,1,,,3
145,3,Clarence,Schmidt,cschmidtu@sciencedaily.com,769-928-677,Clarence Schmidt,new,1,1,,,1
146,4,Rebecca,Nguyen,rnguyenv@sbwire.com,10-616-7501,Rebecca Nguyen,canceled,2,1,,,
147,5,Karen,Andrews,kandrewsw@de.vu,144-525-8639,Karen Andrews,new,3,1,,,2
148,6,Ruby,Shaw,,861-374-5103,Ruby Shaw,canceled,4,1,,,3
149,7,Janice,Mills,jmillsy@alibaba.com,76-606-5823,Janice Mills,new,5,1,,,
150,8,Anna,Stevens,astevensz@zimbio.com,262-658-9371,Anna Stevens,canceled,1,1,,,2
151,9,Ruth,Turner,rturner10@google.ru,140-186-893,Ruth Turner,new,2,1,,,3
152,10,Samuel,Dunn,sdunn11@ameblo.jp,,Samuel Dunn,canceled,3,1,,,
153,11,Phyllis,Tucker,ptucker12@cafepress.com,56-770-2184,Phyllis Tucker,new,4,1,,,2
154,12,Kelly,Weaver,kweaver13@jiathis.com,683-897-3651,Kelly Weaver,canceled,5,1,,,3
155,13,Sean,George,sgeorge14@theguardian.com,524-614-6970,Sean George,new,1,1,,,
156,14,Sharon,Ramirez,,730-846-4358,Sharon Ramirez,canceled,2,1,,,1
157,15,Alan,Frazier,afrazier16@github.com,358-91-1812,Alan Frazier,new,3,1,,,
158,16,Albert,Williamson,awilliamson17@storify.com,811-364-6571,Albert Williamson,canceled,4,1,,,3
159,17,Susan,Burton,sburton18@netscape.com,543-424-3222,Susan Burton,new,5,1,,,1
160,18,Jason,Rodriguez,jrodriguez19@list-manage.com,499-122-9924,Jason Rodriguez,canceled,1,1,,,
161,19,Christina,Day,cday1a@go.com,958-350-7651,Christina Day,new,2,1,,,3
162,20,Elizabeth,Johnson,ejohnson1b@state.tx.us,294-651-1179,Elizabeth Johnson,canceled,3,1,,,
163,21,Carolyn,Wallace,cwallace1c@boston.com,963-668-708,Carolyn Wallace,new,4,1,,,1
164,22,Joshua,Carpenter,jcarpenter1d@seattletimes.com,122-551-6713,Joshua Carpenter,canceled,5,1,,,1
165,23,Tina,Hunt,thunt1e@gov.uk,918-447-9373,Tina Hunt,new,1,1,,,1
166,24,Denise,Bryant,,414-424-5112,Denise Bryant,canceled,2,1,,,3
167,25,Shawn,Tucker,stucker1g@qq.com,796-416-4971,Shawn Tucker,new,3,1,,,2
168,26,Stephen,Cruz,scruz1h@reverbnation.com,751-433-8652,Stephen Cruz,canceled,4,1,,,2
169,27,Phyllis,James,pjames1i@ning.com,,Phyllis James,new,5,1,,,1
170,28,Jesse,Kelley,jkelley1j@google.com.br,479-846-3246,Jesse Kelley,canceled,1,1,,,2
171,29,Barbara,Ryan,bryan1k@home.pl,56-678-6872,Barbara Ryan,new,2,1,,,1
172,30,John,Frazier,jfrazier1l@elegantthemes.com,902-89-5970,John Frazier,canceled,3,1,,,2
173,31,Terry,Young,,754-618-5942,Terry Young,new,4,1,,,4
174,32,Jennifer,Hernandez,jhernandez1n@google.com.au,448-819-4502,Jennifer Hernandez,canceled,5,1,,,1
175,33,Patricia,Hawkins,phawkins1o@businessweek.com,547-560-7162,Patricia Hawkins,new,1,1,,,3
176,34,Barbara,Mcdonald,bmcdonald1p@clickbank.net,10-421-4340,Barbara Mcdonald,canceled,2,1,,,2
177,35,Scott,Jordan,sjordan1q@wiley.com,534-87-8438,Scott Jordan,new,3,1,,,2
178,36,Jeremy,Tucker,jtucker1r@hibu.com,637-172-4711,Jeremy Tucker,canceled,4,1,,,4
179,37,Robin,Ferguson,rferguson1s@squidoo.com,779-834-4491,Robin Ferguson,new,5,1,,,3
180,38,Eugene,Arnold,earnold1t@nps.gov,407-506-5838,Eugene Arnold,canceled,1,1,,,1
181,39,Douglas,Reynolds,dreynolds1u@weebly.com,663-443-2137,Douglas Reynolds,new,2,1,,,2
182,40,Joshua,Holmes,jholmes1v@over-blog.com,282-500-2858,Joshua Holmes,canceled,3,1,,,1
183,41,Wayne,Lee,wlee1w@seesaa.net,118-479-8381,Wayne Lee,new,4,1,,,2
184,42,Albert,Edwards,,281-524-2350,Albert Edwards,canceled,5,1,,,2
185,43,Cheryl,Nichols,cnichols1y@nps.gov,883-601-7271,Cheryl Nichols,new,1,1,,,2
186,44,Shirley,Watson,swatson1z@hostgator.com,550-264-1647,Shirley Watson,canceled,2,1,,,1
187,45,Julie,Gilbert,jgilbert20@baidu.com,296-102-8208,Julie Gilbert,new,3,1,,,
188,46,Philip,Burton,pburton21@ed.gov,77-369-17,Philip Burton,canceled,4,1,,,3
189,47,Willie,Rogers,,6-811-2219,Willie Rogers,new,5,1,,,1
190,48,Kathleen,Black,kblack23@tumblr.com,545-289-3766,Kathleen Black,canceled,1,1,,,
191,49,Sean,Peters,speters24@desdev.cn,,Sean Peters,new,2,1,,,3
192,50,Joyce,Daniels,jdaniels25@irs.gov,633-983-8101,Joyce Daniels,canceled,3,1,,,
193,1,Craig,Gutierrez,cgutierrez26@addtoany.com,334-734-3567,Craig Gutierrez,new,4,1,,,1
194,2,Phillip,Weaver,pweaver27@boston.com,755-953-7496,Phillip Weaver,canceled,5,1,,,3
195,3,Carol,Lopez,,90-119-773,Carol Lopez,new,1,1,,,2
196,4,Sandra,Bradley,sbradley29@youtu.be,404-261-3856,Sandra Bradley,canceled,2,1,,,3
197,5,Walter,Hanson,whanson2a@ucoz.ru,694-289-3576,Walter Hanson,new,3,1,,,2
198,6,Angela,Stevens,astevens2b@unicef.org,588-392-9991,Angela Stevens,canceled,4,1,,,1
199,7,Angela,Wells,awells2c@cnbc.com,293-262-5162,Angela Wells,new,5,1,,,
200,8,Julie,Morales,jmorales2d@altervista.org,315-262-2292,Julie Morales,canceled,1,1,,,1
201,9,Judy,Robertson,jrobertson2e@paginegialle.it,810-474-3617,Judy Robertson,new,2,1,,,3
202,10,Linda,Stone,lstone2f@slashdot.org,913-596-1259,Linda Stone,canceled,3,1,,,2
203,11,Pamela,Richardson,prichardson2g@europa.eu,872-790-4273,Pamela Richardson,new,4,1,,,4
204,12,Russell,Nguyen,rnguyen2h@state.gov,954-469-1181,Russell Nguyen,canceled,5,1,,,4
205,13,Kevin,Miller,kmiller2i@bloglines.com,37-724-6333,Kevin Miller,new,1,1,,,4
206,14,Scott,Sanders,ssanders2j@cbsnews.com,902-414-2937,Scott Sanders,canceled,2,1,,,2
207,15,Susan,Cruz,,844-331-2376,Susan Cruz,new,3,1,,,2
208,16,Nicholas,Evans,nevans2l@smh.com.au,66-950-1530,Nicholas Evans,canceled,4,1,,,4
209,17,Maria,Wilson,mwilson2m@unblog.fr,874-533-3534,Maria Wilson,new,5,1,,,1
210,18,Bruce,Murphy,bmurphy2n@fc2.com,,Bruce Murphy,canceled,1,1,,,3
211,19,Tammy,Matthews,tmatthews2o@nasa.gov,,Tammy Matthews,new,2,1,,,3
212,20,Billy,Freeman,bfreeman2p@weebly.com,,Billy Freeman,canceled,3,1,,,1
213,21,Timothy,Collins,tcollins2q@fda.gov,,Timothy Collins,new,4,1,,,2
214,22,Richard,Banks,rbanks2r@ucsd.edu,,Richard Banks,canceled,5,1,,,1
215,23,Ernest,Porter,eporter2s@globo.com,,Ernest Porter,new,1,1,,,1
216,24,Angela,Morris,amorris2t@google.com.br,19-422-8496,Angela Morris,canceled,2,1,,,2
217,25,Tammy,Warren,twarren2u@clickbank.net,721-489-2741,Tammy Warren,new,3,1,,,4
218,26,Norma,Rice,nrice2v@toplist.cz,784-344-8168,Norma Rice,canceled,4,1,,,2
219,27,Ruth,Wright,rwright2w@latimes.com,436-320-8956,Ruth Wright,new,5,1,,,2
220,28,Annie,Dean,adean2x@indiatimes.com,940-36-2763,Annie Dean,canceled,1,1,,,1
221,29,Louise,Lawrence,llawrence2y@scribd.com,605-847-5188,Louise Lawrence,new,2,1,,,3
222,30,Doris,Harrison,dharrison2z@nps.gov,195-486-776,Doris Harrison,canceled,3,1,,,4
223,31,Rebecca,Young,,243-694-881,Rebecca Young,new,4,1,,,1
224,32,Heather,Moore,hmoore31@istockphoto.com,972-503-9991,Heather Moore,canceled,5,1,,,3
225,33,Tammy,Payne,tpayne32@state.gov,783-839-8087,Tammy Payne,new,1,1,,,4
226,34,Lisa,West,lwest33@ebay.co.uk,821-153-520,Lisa West,canceled,2,1,,,1
227,35,Tammy,Washington,twashington34@spiegel.de,724-225-4728,Tammy Washington,new,3,1,,,3
228,36,Nicholas,Martin,nmartin35@vimeo.com,689-765-6522,Nicholas Martin,canceled,4,1,,,1
229,37,Lori,Hughes,lhughes36@mozilla.com,134-52-8414,Lori Hughes,new,5,1,,,2
230,38,Cynthia,Hart,,364-672-2541,Cynthia Hart,canceled,1,1,,,1
231,39,Joan,Diaz,jdiaz38@is.gd,803-608-2921,Joan Diaz,new,2,1,,,1
232,40,Amanda,Powell,,978-792-14,Amanda Powell,canceled,3,1,,,2
233,41,Jason,Gonzalez,jgonzalez3a@wufoo.com,419-281-6057,Jason Gonzalez,new,4,1,,,4
234,42,Emily,Burns,eburns3b@privacy.gov.au,517-45-6622,Emily Burns,canceled,5,1,,,2
235,43,Robert,Murray,rmurray3c@ox.ac.uk,112-231-6384,Robert Murray,new,1,1,,,2
236,44,Brenda,Hudson,bhudson3d@bluehost.com,96-443-2604,Brenda Hudson,canceled,2,1,,,1
237,45,Jack,Perry,,515-54-9940,Jack Perry,new,3,1,,,3
238,46,Andrea,West,awest3f@youtu.be,261-581-222,Andrea West,canceled,4,1,,,4
239,47,Louise,Pierce,lpierce3g@so-net.ne.jp,,Louise Pierce,new,5,1,,,1
240,48,Laura,Armstrong,larmstrong3h@bbb.org,,Laura Armstrong,canceled,1,1,,,3
241,49,Sandra,Carroll,scarroll3i@mysql.com,14-19-7678,Sandra Carroll,new,2,1,,,1
